<?xml version="1.0" encoding="utf-8"?>
<esp:page
	xmlns:esp="http://oracc.org/ns/esp/1.0"
	xmlns="http://www.w3.org/1999/xhtml"
>
	<esp:name>Privacy</esp:name>
	<esp:title>Privacy</esp:title>

	<html><head></head><body>
		<p>
			The only information this site collects from visitors is that contained in standard web server logs (such as your <abbr title="Internet Protocol">IP</abbr> address, web browser details, the pages you view, and the page you arrived from). The information in these logs may be used only by us and the server administrators for site and system administration and improvement. It will not be disclosed to other parties unless required by law. The information may be retained indefinitely.
		</p>
		<p>
			If you use the 'Text size' feature, a cookie will be set to store your preferred text size between pages. This cookie is used only within your browser (via JavaScript), and cannot be used to track your browsing. 
		</p>
		<p>
			This site provides links to external sites, and the search facility is provided by an external site. These sites are not subject to this privacy policy.
		</p>
		<p>
			This site is <abbr title="Platform for Privacy Preferences">P3P</abbr>-enabled. This means that some browsers (including Internet Explorer 6+) can retrieve our privacy policy automatically, and compare it against your privacy settings. For further information on P3P please refer to the <esp:link url="http://www.w3.org/P3P/" site-name="W3C P3P Public Overview"/>.
		</p>

                <p>
                       This website uses <esp:link url="http://www.google.com/analytics/">Google Analytics</esp:link>, a web analytics service provided by Google, Inc. &quot;Google&quot;.  Google Analytics uses &quot;cookies&quot;, which are text files placed on your computer, to help the website analyze how users use the site. The information generated by the cookie about your use of the website (including your IP address) will be transmitted to and stored by Google on servers in the United States . Google will use this information for the purpose of evaluating your use of the website, compiling reports on website activity for website operators and providing other services relating to website activity and internet usage.  Google may also transfer this information to third parties where required to do so by law, or where such third parties process the information on Google's behalf. Google will not associate your IP address with any other data held by Google. You may refuse the use of cookies by selecting the appropriate settings on your browser, however please note that if you do this you may not be able to use the full functionality of this website.  By using this website, you consent to the processing of data about you by Google in the manner and for the purposes set out above.
                </p>


	</body></html>

</esp:page>
